date;time
08.12.2017;11:40:44

t[s];modifyMe[minutes];testCounterNegative[km/h];testCounter[km/h];backgroundlightsize[km/h]
0.020000; ;-850; ; ; 
0.030000; ;-850; ; ; 
0.039000; ;-850; ; ; 
0.049000; ;-850; ; ; 
0.059000; ;-850; ; ; 
0.064000; ; ; ;50; 
0.069000; ;-850; ; ; 
0.079000; ;-850; ; ; 
0.089000;103;-850; ; ; 
0.099000; ;-850; ; ; 
0.104000; ; ;62; ; 
0.109000; ;-850; ; ; 
0.120000; ;-849; ; ; 
0.125000; ; ; ;50; 
0.130000; ;-849; ; ; 
0.139000; ;-849; ; ; 
0.149000; ;-849; ; ; 
0.159000; ;-849; ; ; 
0.169000; ;-849; ; ; 
0.179000; ;-849; ; ; 
0.188000; ; ; ;50; 
0.189000; ;-849; ; ; 
0.190000;103; ; ; ; 
0.207000; ;-849; ; ; 
0.217000; ;-849; ; ; 
0.225000; ; ;62; ; 
0.226000; ;-848; ; ; 
0.234000; ;-848; ; ; 
0.241000; ;-848; ; ; 
0.249000; ; ; ;50; 
0.256000; ;-848; ; ; 
0.265000; ;-848; ; ; 
0.272000; ;-848; ; ; 
0.280000; ;-848; ; ; 
0.290000;103;-848; ; ; 
0.304000; ;-848; ; ; 
0.312000; ;-848; ; ; 
0.319000; ; ; ;50; 
0.325000; ;-847; ; ; 
0.332000; ;-847;63; ; 
0.339000; ;-847; ; ; 
0.349000; ;-847; ; ; 
0.359000; ;-847; ; ; 
0.370000; ;-847; ; ; 
0.378000; ; ; ;50; 
0.379000; ;-847; ; ; 
0.389000; ;-847; ; ; 
0.390000;103; ; ; ; 
0.405000; ;-847; ; ; 
0.412000; ;-847; ; ; 
0.419000; ;-846; ; ; 
0.429000; ;-846; ; ; 
0.439000; ;-846; ; ; 
0.440000; ; ;63; ; 
0.447000; ; ; ;50; 
0.454000; ;-846; ; ; 
0.460000; ;-846; ; ; 
0.469000; ;-846; ; ; 
0.479000; ;-846; ; ; 
0.490000;103;-846; ; ; 
0.504000; ;-846; ; ; 
0.511000; ;-846; ;50; 
0.520000; ;-845; ; ; 
0.530000; ;-845; ; ; 
0.541000; ;-845; ; ; 
0.549000; ; ;63; ; 
0.550000; ;-845; ; ; 
0.560000; ;-845; ; ; 
0.568000; ; ; ;50; 
0.576000; ;-845; ; ; 
0.583000; ;-845; ; ; 
0.590000;103;-845; ; ; 
0.605000; ;-845; ; ; 
0.611000; ;-845; ; ; 
0.619000; ;-844; ; ; 
0.627000; ; ; ;50; 
0.634000; ;-844; ; ; 
0.641000; ;-844; ; ; 
0.649000; ;-844; ; ; 
0.657000; ; ;63; ; 
0.663000; ;-844; ; ; 
0.670000; ;-844; ; ; 
0.679000; ;-844; ; ; 
0.688000; ; ; ;50; 
0.693000;103;-844; ; ; 
0.703000; ;-844; ; ; 
0.709000; ;-844; ; ; 
0.719000; ;-843; ; ; 
0.730000; ;-843; ; ; 
0.740000; ;-843; ; ; 
0.747000; ; ; ;50; 
0.751000; ;-843; ; ; 
0.760000; ;-843; ; ; 
0.767000; ; ;63; ; 
0.772000; ;-843; ; ; 
0.780000; ;-843; ; ; 
0.790000;103;-843; ; ; 
0.800000; ;-843; ; ; 
0.810000; ;-843; ; ; 
0.818000; ; ; ;50; 
0.823000; ;-842; ; ; 
0.829000; ;-842; ; ; 
0.839000; ;-842; ; ; 
0.849000; ;-842; ; ; 
0.859000; ;-842; ; ; 
0.869000; ;-842; ; ; 
0.876000; ; ;64; ; 
0.881000; ;-842; ;50; 
0.889000;103;-842; ; ; 
0.899000; ;-842; ; ; 
0.910000; ;-842; ; ; 
0.920000; ;-841; ; ; 
0.930000; ;-841; ; ; 
0.936000; ; ; ;50; 
0.942000; ;-841; ; ; 
0.950000; ;-841; ; ; 
0.960000; ;-841; ; ; 
0.970000; ;-841; ; ; 
0.979000; ;-841; ; ; 
0.986000; ; ;64; ; 
0.990000; ;-841; ; ; 
0.991000;103; ; ; ; 
0.999000; ;-841; ; ; 
1.000000; ; ; ;50; 
1.009000; ;-841; ; ; 
1.019000; ;-840; ; ; 
1.029000; ;-840; ; ; 
1.039000; ;-840; ; ; 
1.049000; ;-840; ; ; 
1.059000; ;-840; ; ; 
1.064000; ; ; ;50; 
1.069000; ;-840; ; ; 
1.079000; ;-840; ; ; 
1.090000;103;-840; ; ; 
1.100000; ;-840; ; ; 
1.106000; ; ;64; ; 
1.110000; ;-840; ; ; 
1.120000; ;-839; ; ; 
1.125000; ; ; ;50; 
1.130000; ;-839; ; ; 
1.140000; ;-839; ; ; 
1.149000; ;-839; ; ; 
1.159000; ;-839; ; ; 
1.169000; ;-839; ; ; 
1.179000; ;-839; ; ; 
1.187000; ; ; ;50; 
1.192000;103;-839; ; ; 
1.200000; ;-839; ; ; 
1.205000; ; ;64; ; 
1.209000; ;-839; ; ; 
1.219000; ;-838; ; ; 
1.229000; ;-838; ; ; 
1.240000; ;-838; ; ; 
1.245000; ; ; ;50; 
1.250000; ;-838; ; ; 
1.260000; ;-838; ; ; 
1.270000; ;-838; ; ; 
1.280000; ;-838; ; ; 
1.290000;103;-838; ; ; 
1.299000; ;-838; ; ; 
1.309000; ;-838; ; ; 
1.315000; ; ;64; ; 
1.320000; ;-837; ;50; 
1.329000; ;-837; ; ; 
1.339000; ;-837; ; ; 
1.349000; ;-837; ; ; 
1.359000; ;-837; ; ; 
1.369000; ;-837; ; ; 
1.374000; ; ; ;50; 
1.379000; ;-837; ; ; 
1.389000;103;-837; ; ; 
1.399000; ;-837; ; ; 
1.410000; ;-837; ; ; 
1.420000; ;-836; ; ; 
1.425000; ; ;65; ; 
1.430000; ;-836; ; ; 
1.434000; ; ; ;50; 
1.440000; ;-836; ; ; 
1.450000; ;-836; ; ; 
1.460000; ;-836; ; ; 
1.470000; ;-836; ; ; 
1.480000; ;-836; ; ; 
1.490000;103;-836; ; ; 
1.502000; ;-836; ; ; 
1.507000; ; ; ;50; 
1.512000; ;-836; ; ; 
1.519000; ;-835; ; ; 
1.529000; ;-835; ; ; 
1.535000; ; ;65; ; 
1.540000; ;-835; ; ; 
1.549000; ;-835; ; ; 
1.557000; ; ; ;50; 
1.561000; ;-835; ; ; 
1.569000; ;-835; ; ; 
1.579000; ;-835; ; ; 
1.590000;103;-835; ; ; 
1.601000; ;-835; ; ; 
1.610000; ;-835; ; ; 
1.620000; ;-834; ; ; 
1.626000; ; ; ;50; 
1.631000; ;-834; ; ; 
1.640000; ;-834; ; ; 
1.647000; ; ;65; ; 
1.651000; ;-834; ; ; 
1.659000; ;-834; ; ; 
1.669000; ;-834; ; ; 
1.679000; ;-834; ; ; 
1.684000; ; ; ;50; 
1.689000;103;-834; ; ; 
1.699000; ;-834; ; ; 
1.709000; ;-834; ; ; 
1.719000; ;-833; ; ; 
1.729000; ;-833; ; ; 
1.739000; ;-833; ; ; 
1.749000; ;-833; ; ; 
1.755000; ; ;65; ; 
1.759000; ; ; ;50; 
1.760000; ;-833; ; ; 
1.770000; ;-833; ; ; 
1.780000; ;-833; ; ; 
1.790000;103;-833; ; ; 
1.800000; ;-833; ; ; 
1.810000; ;-833; ; ; 
1.816000; ; ; ;50; 
1.820000; ;-832; ; ; 
1.830000; ;-832; ; ; 
1.840000; ;-832; ; ; 
1.850000; ;-832; ; ; 
1.856000; ; ;66; ; 
1.860000; ;-832; ; ; 
1.869000; ;-832; ; ; 
1.875000; ; ; ;50; 
1.879000; ;-832; ; ; 
1.889000;103;-832; ; ; 
1.899000; ;-832; ; ; 
1.909000; ;-832; ; ; 
1.919000; ;-831; ; ; 
1.929000; ;-831; ; ; 
1.935000; ; ; ;50; 
1.939000; ;-831; ; ; 
1.949000; ;-831; ; ; 
1.959000; ;-831; ; ; 
1.969000; ;-831; ; ; 
1.976000; ; ;66; ; 
1.982000; ;-831; ; ; 
1.990000;103;-831; ; ; 
1.999000; ; ; ;50; 
2.004000; ;-831; ; ; 
2.010000; ;-831; ; ; 
2.020000; ;-830; ; ; 
2.030000; ;-830; ; ; 
2.040000; ;-830; ; ; 
2.050000; ;-830; ; ; 
2.057000; ; ; ;50; 
2.062000; ;-830; ; ; 
2.071000; ;-830; ; ; 
2.081000; ; ;66; ; 
2.083000; ;-830; ; ; 
2.099000;103;-830; ; ; 
2.101000; ;-830; ; ; 
2.120000; ;-829; ; ; 
2.133000; ;-829; ;50; 
2.148000; ;-829; ; ; 
2.161000; ;-829; ; ; 
2.175000; ;-829; ; ; 
2.188000; ;-829; ; ; 
2.190000;103; ; ; ; 
2.229000; ;-829;66; ; 
2.232000; ;-828; ; ; 
2.235000; ;-828; ; ; 
2.236000; ; ; ;50; 
2.251000; ;-828; ; ; 
2.265000; ;-828; ;50; 
2.276000; ;-828; ; ; 
2.284000; ;-828; ; ; 
2.294000;103;-828; ; ; 
2.321000; ; ;66; ; 
2.323000; ;-828; ; ; 
2.325000; ;-827; ; ; 
2.347000; ; ; ;50; 
2.349000; ;-827; ; ; 
2.351000; ;-827; ; ; 
2.366000; ;-827; ; ; 
2.374000; ;-827; ; ; 
2.383000; ;-827; ;50; 
2.392000;103;-827; ; ; 
2.402000; ;-827; ; ; 
2.409000; ;-827; ; ; 
2.416000; ; ;67; ; 
2.420000; ;-826; ; ; 
2.429000; ;-826; ; ; 
2.436000; ; ; ;50; 
2.441000; ;-826; ; ; 
2.449000; ;-826; ; ; 
2.459000; ;-826; ; ; 
2.469000; ;-826; ; ; 
2.479000; ;-826; ; ; 
2.490000;103;-826; ; ; 
2.501000; ;-826; ; ; 
2.507000; ; ; ;50; 
2.512000; ;-826; ; ; 
2.522000; ; ;67; ; 
2.523000; ;-825; ; ; 
2.539000; ;-825; ; ; 
2.555000; ;-825; ; ; 
2.566000; ;-825; ; ; 
2.580000; ;-825; ;50; 
2.582000; ;-825; ; ; 
2.598000; ;-825; ; ; 
2.599000;103;-825; ; ; 
2.626000; ;-824; ; ; 
2.641000; ;-824;67; ; 
2.644000; ;-824; ;50; 
2.665000; ;-824; ; ; 
2.680000; ;-824; ; ; 
2.692000; ;-824; ;50; 
2.694000;103; ; ; ; 
2.715000; ;-824; ; ; 
2.716000; ;-824; ; ; 
2.726000; ;-823; ; ; 
2.736000; ;-823; ; ; 
2.746000; ;-823;67; ; 
2.759000; ;-823; ;50; 
2.761000; ;-823; ; ; 
2.772000; ;-823; ; ; 
2.782000; ;-823; ; ; 
2.789000;103;-823; ; ; 
2.800000; ;-823; ; ; 
2.810000; ;-823; ; ; 
2.815000; ; ; ;50; 
2.820000; ;-822; ; ; 
2.830000; ;-822; ; ; 
2.840000; ;-822; ; ; 
2.845000; ; ;68; ; 
2.849000; ;-822; ; ; 
2.859000; ;-822; ; ; 
2.869000; ;-822; ; ; 
2.876000; ; ; ;50; 
2.886000; ;-822; ; ; 
2.896000;103;-822; ; ; 
2.913000; ;-822; ; ; 
2.914000; ;-822; ; ; 
2.926000; ;-821; ; ; 
2.935000; ;-821; ; ; 
2.943000; ;-821; ;50; 
2.954000; ;-821; ; ; 
2.962000; ;-821;68; ; 
2.973000; ;-821; ; ; 
2.986000; ;-821; ; ; 
3.001000;103;-821; ; ; 
3.027000; ;-820; ;50; 
3.041000; ;-820; ; ; 
3.053000; ;-820; ; ; 
3.062000; ;-820; ; ; 
3.076000; ;-820;68;50; 
3.092000;103;-820; ; ; 
3.111000; ;-820; ; ; 
3.122000; ;-819; ; ; 
3.130000; ;-819; ;50; 
3.143000; ;-819; ; ; 
3.150000; ;-819; ; ; 
3.159000; ;-819; ; ; 
3.168000; ; ;68; ; 
3.174000; ;-819; ; ; 
3.179000; ;-819; ; ; 
3.185000; ; ; ;50; 
3.190000;103;-819; ; ; 
3.200000; ;-819; ; ; 
3.210000; ;-819; ; ; 
3.220000; ;-818; ; ; 
3.230000; ;-818; ; ; 
3.240000; ;-818; ; ; 
3.249000; ; ; ;50; 
3.254000; ;-818; ; ; 
3.260000; ;-818; ; ; 
3.270000; ;-818; ; ; 
3.277000; ; ;68; ; 
3.283000; ;-818; ; ; 
3.290000;103;-818; ; ; 
3.300000; ;-818; ; ; 
3.307000; ; ; ;50; 
3.314000; ;-818; ; ; 
3.320000; ;-817; ; ; 
3.329000; ;-817; ; ; 
3.339000; ;-817; ; ; 
3.349000; ;-817; ; ; 
3.364000; ;-817; ; ; 
3.386000; ;-817; ; ; 
3.408000; ; ; ;50; 
3.410000;103;-817; ; ; 
3.412000; ;-817;69; ; 
3.429000; ;-816; ; ; 
3.430000; ;-816; ; ; 
3.440000; ;-816; ; ; 
3.449000; ; ; ;50; 
3.450000; ;-816; ; ; 
3.460000; ;-816; ; ; 
3.470000; ;-816; ; ; 
3.480000; ;-816; ; ; 
3.490000;103;-816; ; ; 
3.508000; ;-816; ; ; 
3.510000; ;-816; ; ; 
3.531000; ; ;69; ; 
3.533000; ;-815; ;50; 
3.547000; ;-815; ; ; 
3.558000; ;-815; ; ; 
3.568000; ;-815; ;50; 
3.570000; ;-815; ; ; 
3.583000; ;-815; ; ; 
3.595000;103;-815; ; ; 
3.615000; ;-815; ; ; 
3.631000; ; ;69; ; 
3.632000; ;-814; ; ; 
3.634000; ;-814; ; ; 
3.656000; ; ; ;50; 
3.658000; ;-814; ; ; 
3.660000; ;-814; ; ; 
3.680000; ;-814; ; ; 
3.701000;103;-814; ; ; 
3.704000; ;-814; ; ; 
3.738000; ; ; ;50; 
3.740000; ;-813; ; ; 
3.742000; ;-813; ; ; 
3.744000; ;-813; ; ; 
3.763000; ; ;69; ; 
3.765000; ;-813; ; ; 
3.785000; ;-813; ;50; 
3.801000;103;-813; ; ; 
3.803000; ;-813; ; ; 
3.827000; ;-812; ; ; 
3.843000; ;-812; ;50; 
3.845000; ;-812;70; ; 
3.859000; ;-812; ; ; 
3.876000; ;-812; ; ; 
3.890000; ;-812; ;50; 
3.892000;103;-812; ; ; 
3.919000; ;-812; ; ; 
3.921000; ;-811; ; ; 
3.929000; ;-811; ; ; 
3.937000; ; ;70; ; 
3.945000; ; ; ;50; 
3.946000; ;-811; ; ; 
3.953000; ;-811; ; ; 
3.959000; ;-811; ; ; 
3.969000; ;-811; ; ; 
3.979000; ;-811; ; ; 
3.989000; ;-811; ; ; 
3.990000;103; ; ; ; 
4.003000; ;-811; ; ; 
4.010000; ; ; ;50; 
4.011000; ;-811; ; ; 
4.020000; ;-810; ; ; 
4.030000; ;-810; ; ; 
4.042000; ;-810; ; ; 
4.056000; ; ;70; ; 
4.057000; ;-810; ; ; 
4.072000; ; ; ;50; 
4.073000; ;-810; ; ; 
4.081000; ;-810; ; ; 
4.090000;103;-810; ; ; 
4.103000; ;-810; ; ; 
4.110000; ;-810; ; ; 
4.120000; ;-809; ; ; 
4.129000; ; ; ;50; 
4.130000; ;-809; ; ; 
4.141000; ;-809; ; ; 
4.157000; ;-809; ; ; 
4.173000; ; ;70; ; 
4.174000; ;-809; ; ; 
4.189000; ;-809; ; ; 
4.192000;103;-809; ; ; 
4.219000; ;-809; ;50; 
4.221000; ;-809; ; ; 
4.222000; ;-808; ; ; 
4.242000; ;-808; ; ; 
4.243000; ;-808; ; ; 
4.266000; ;-808; ; ; 
4.267000; ;-808; ; ; 
4.290000; ; ; ;50; 
4.291000; ;-808; ; ; 
4.293000; ;-808; ; ; 
4.295000;103; ; ; ; 
4.328000; ; ;70; ; 
4.330000; ;-808; ; ; 
4.331000; ;-807; ; ; 
4.347000; ;-807; ;50; 
4.361000; ;-807; ; ; 
4.362000; ;-807; ; ; 
4.374000; ;-807; ; ; 
4.386000; ;-807;71; ; 
4.388000; ; ; ;50; 
4.400000;103;-807; ; ; 
4.402000; ;-807; ; ; 
4.423000; ;-807; ; ; 
4.424000; ;-806; ; ; 
4.437000; ;-806; ; ; 
4.448000; ;-806; ;50; 
4.450000; ;-806; ; ; 
4.466000; ;-806; ; ; 
4.480000; ;-806; ; ; 
4.495000; ; ;71; ; 
4.496000;103;-806; ; ; 
4.520000; ; ; ;50; 
4.521000; ;-806; ; ; 
4.522000; ;-805; ; ; 
4.531000; ;-805; ; ; 
4.539000; ;-805; ; ; 
4.549000; ;-805; ; ; 
4.557000; ; ; ;50; 
4.565000; ;-805; ; ; 
4.574000; ;-805; ; ; 
4.582000; ;-805; ; ; 
4.590000; ;-805; ; ; 
4.591000;103; ; ; ; 
4.604000; ;-805; ; ; 
4.610000; ;-805;71; ; 
4.620000; ;-804; ; ; 
4.627000; ; ; ;50; 
4.634000; ;-804; ; ; 
4.640000; ;-804; ; ; 
4.650000; ;-804; ; ; 
4.659000; ;-804; ; ; 
4.669000; ;-804; ; ; 
4.679000; ;-804; ; ; 
4.685000; ; ; ;50; 
4.689000; ;-804; ; ; 
4.690000;103; ; ; ; 
4.699000; ;-804; ; ; 
4.704000; ; ;71; ; 
4.709000; ;-804; ; ; 
4.719000; ;-803; ; ; 
4.730000; ;-803; ; ; 
4.740000; ;-803; ; ; 
4.747000; ; ; ;50; 
4.751000; ;-803; ; ; 
4.760000; ;-803; ; ; 
4.770000; ;-803; ; ; 
4.780000; ;-803; ; ; 
4.790000;103;-803; ; ; 
4.800000; ;-803; ; ; 
4.810000; ;-803; ; ; 
4.816000; ; ;72; ; 
4.820000; ;-802; ;50; 
4.829000; ;-802; ; ; 
4.839000; ;-802; ; ; 
4.849000; ;-802; ; ; 
4.859000; ;-802; ; ; 
4.870000; ;-802; ; ; 
4.876000; ; ; ;50; 
4.880000; ;-802; ; ; 
4.890000;103;-802; ; ; 
4.900000; ;-802; ; ; 
4.910000; ;-802; ; ; 
4.916000; ; ;72; ; 
4.920000; ;-801; ; ; 
4.930000; ;-801; ; ; 
4.936000; ; ; ;50; 
4.940000; ;-801; ; ; 
4.950000; ;-801; ; ; 
4.960000; ;-801; ; ; 
4.969000; ;-801; ; ; 
4.979000; ;-801; ; ; 
4.989000; ;-801; ; ; 
4.990000;103; ; ; ; 
5.001000; ;-801; ; ; 
5.005000; ; ; ;50; 
5.009000; ;-801; ; ; 
5.019000; ;-800; ; ; 
5.029000; ;-800; ; ; 
5.034000; ; ;72; ; 
5.039000; ;-800; ; ; 
5.049000; ;-800; ; ; 
5.059000; ;-800; ; ; 
5.065000; ; ; ;50; 
5.069000; ;-800; ; ; 
5.080000; ;-800; ; ; 
5.090000;103;-800; ; ; 
5.100000; ;-800; ; ; 
5.110000; ;-800; ; ; 
5.120000; ;-799; ; ; 
5.131000; ;-799; ; ; 
5.144000; ;-799; ;50; 
5.162000; ; ;72; ; 
5.163000; ;-799; ; ; 
5.179000; ;-799; ; ; 
5.191000; ;-799; ; ; 
5.192000;103; ; ; ; 
5.207000; ; ; ;50; 
5.208000; ;-799; ; ; 
5.218000; ;-799; ; ; 
5.227000; ;-798; ; ; 
5.235000; ;-798; ; ; 
5.243000; ;-798; ; ; 
5.252000; ;-798; ; ; 
5.260000; ; ;72; ; 
5.261000; ;-798; ;50; 
5.271000; ;-798; ; ; 
5.279000; ;-798; ; ; 
5.289000; ;-798; ; ; 
5.290000;103; ; ; ; 
5.306000; ;-798; ; ; 
5.316000; ; ; ;50; 
5.317000; ;-798; ; ; 
5.326000; ;-797; ; ; 
5.335000; ;-797; ; ; 
5.340000; ;-797; ; ; 
5.350000; ;-797; ; ; 
5.357000; ; ;73; ; 
5.363000; ;-797; ; ; 
5.370000; ;-797; ; ; 
5.375000; ; ; ;50; 
5.381000; ;-797; ; ; 
5.390000;103;-797; ; ; 
5.409000; ;-797; ; ; 
5.410000; ;-797; ; ; 
5.423000; ;-796; ; ; 
5.437000; ;-796; ; ; 
5.452000; ; ; ;50; 
5.453000; ;-796; ; ; 
5.469000; ;-796; ; ; 
5.485000; ;-796;73; ; 
5.500000; ;-796; ; ; 
5.501000;103;-796; ; ; 
5.528000; ; ; ;50; 
5.529000; ;-796; ; ; 
5.530000; ;-795; ; ; 
5.545000; ;-795; ; ; 
5.553000; ;-795; ; ; 
5.560000; ;-795; ; ; 
5.566000; ; ; ;50; 
5.572000; ;-795; ; ; 
5.578000; ; ;73; ; 
5.584000; ;-795; ; ; 
5.590000;103;-795; ; ; 
5.603000; ;-795; ; ; 
5.610000; ;-795; ; ; 
5.620000; ;-794; ; ; 
5.628000; ; ; ;50; 
5.633000; ;-794; ; ; 
5.640000; ;-794; ; ; 
5.650000; ;-794; ; ; 
5.660000; ;-794; ; ; 
5.670000; ;-794; ; ; 
5.679000; ;-794; ; ; 
5.689000; ; ;73; ; 
5.690000;103;-794; ;50; 
5.703000; ;-794; ; ; 
5.709000; ;-794; ; ; 
5.719000; ;-793; ; ; 
5.729000; ;-793; ; ; 
5.739000; ;-793; ; ; 
5.746000; ; ; ;50; 
5.751000; ;-793; ; ; 
5.759000; ;-793; ; ; 
5.770000; ;-793; ; ; 
5.780000; ;-793; ; ; 
5.795000; ;-793; ; ; 
5.796000;103; ; ; ; 
5.831000; ;-793;73; ; 
5.833000; ;-792; ; ; 
5.835000; ;-792; ; ; 
5.855000; ; ; ;50; 
5.857000; ;-792; ; ; 
5.876000; ;-792; ; ; 
5.895000; ; ; ;50; 
5.896000; ;-792; ; ; 
5.897000;103;-792; ; ; 
5.935000; ;-792; ; ; 
5.936000; ;-792; ; ; 
5.937000; ;-791; ; ; 
5.952000; ; ;74; ; 
5.953000; ;-791; ;50; 
5.969000; ;-791; ; ; 
5.983000; ;-791; ; ; 
5.996000;103;-791; ; ; 
6.035000; ;-791; ;50; 
6.037000; ;-791; ; ; 
6.039000; ;-790; ; ; 
6.040000; ;-790; ; ; 
6.045000; ;-790; ; ; 
6.063000; ; ;74; ; 
6.064000; ;-790; ; ; 
6.065000; ;-790; ; ; 
6.079000; ; ; ;50; 
6.080000; ;-790; ; ; 
6.081000; ;-790; ; ; 
6.093000; ;-790; ; ; 
6.094000;103; ; ; ; 
6.113000; ;-790; ; ; 
6.130000; ;-789; ; ; 
6.131000; ;-789; ; ; 
6.142000; ;-789;74; ; 
6.144000; ; ; ;50; 
6.155000; ;-789; ; ; 
6.164000; ;-789; ; ; 
6.175000; ;-789; ; ; 
6.189000; ;-789; ; ; 
6.190000;103;-789; ; ; 
6.211000; ;-789; ;50; 
6.213000; ;-789; ; ; 
6.229000; ;-788; ; ; 
6.231000; ;-788; ; ; 
6.250000; ; ;74; ; 
6.251000; ;-788; ; ; 
6.253000; ;-788; ; ; 
6.273000; ; ; ;50; 
6.274000; ;-788; ; ; 
6.276000; ;-788; ; ; 
6.294000; ;-788; ; ; 
6.296000; ;-788; ; ; 
6.298000;103; ; ; ; 
6.300000; ;-788; ; ; 
6.334000; ;-788; ; ; 
6.335000; ;-787; ; ; 
6.337000; ;-787; ; ; 
6.356000; ; ; ;50; 
6.357000; ;-787; ; ; 
6.359000; ;-787; ; ; 
6.368000; ;-787;75; ; 
6.380000; ; ; ;50; 
6.381000; ;-787; ; ; 
6.392000;103;-787; ; ; 
6.412000; ;-787; ; ; 
6.422000; ;-786; ; ; 
6.432000; ;-786; ; ; 
6.440000; ;-786; ; ; 
6.449000; ; ; ;50; 
6.450000; ;-786;75; ; 
6.462000; ;-786; ; ; 
6.476000; ;-786; ; ; 
6.485000; ;-786; ; ; 
6.493000;103;-786; ; ; 
6.514000; ;-786; ;50; 
6.525000; ;-785; ; ; 
6.534000; ;-785; ; ; 
6.543000; ;-785; ; ; 
6.552000; ;-785; ; ; 
6.561000; ;-785; ; ; 
6.570000; ;-785;75;50; 
6.582000; ;-785; ; ; 
6.591000;103;-785; ; ; 
6.627000; ;-785; ; ; 
6.628000; ;-785; ; ; 
6.630000; ;-784; ; ; 
6.631000; ;-784; ; ; 
6.650000; ; ; ;50; 
6.652000; ;-784; ; ; 
6.667000; ;-784; ; ; 
6.683000; ; ;75; ; 
6.685000; ;-784; ; ; 
6.686000; ;-784; ; ; 
6.704000; ; ; ;50; 
6.706000;103;-784; ; ; 
6.708000; ;-784; ; ; 
6.710000; ;-784; ; ; 
6.747000; ;-783; ; ; 
6.748000; ;-783; ; ; 
6.751000; ;-783; ; ; 
6.770000; ; ; ;50; 
6.771000; ;-783; ; ; 
6.772000; ;-783; ; ; 
6.793000; ;-783; ; ; 
6.797000; ;-783; ; ; 
6.799000;103; ; ; ; 
6.825000; ;-783;75; ; 
6.827000; ;-783; ; ; 
6.828000; ;-782; ; ; 
6.843000; ; ; ;50; 
6.844000; ;-782; ; ; 
6.846000; ;-782; ; ; 
6.865000; ;-782; ; ; 
6.877000; ;-782; ; ; 
6.886000; ;-782; ;50; 
6.897000; ;-782;76; ; 
6.899000;103; ; ; ; 
6.917000; ;-782; ; ; 
6.918000; ;-782; ; ; 
6.929000; ;-781; ; ; 
6.940000; ;-781; ;50; 
6.950000; ;-781; ; ; 
6.959000; ;-781; ; ; 
6.970000; ;-781; ; ; 
6.979000; ;-781; ; ; 
6.989000; ;-781; ; ; 
6.990000;103; ; ; ; 
6.999000; ;-781; ; ; 
7.004000; ; ;76; ; 
7.010000; ; ; ;50; 
7.011000; ;-781; ; ; 
7.019000; ;-780; ; ; 
7.030000; ;-780; ; ; 
7.040000; ;-780; ; ; 
7.050000; ;-780; ; ; 
7.060000; ;-780; ; ; 
7.065000; ; ; ;50; 
7.070000; ;-780; ; ; 
7.080000; ;-780; ; ; 
7.090000;103;-780; ; ; 
7.101000; ;-780; ; ; 
7.110000; ;-780; ; ; 
7.116000; ; ;76; ; 
7.121000; ;-779; ; ; 
7.127000; ; ; ;50; 
7.131000; ;-779; ; ; 
7.140000; ;-779; ; ; 
7.150000; ;-779; ; ; 
7.160000; ;-779; ; ; 
7.169000; ;-779; ; ; 
7.180000; ;-779; ; ; 
7.186000; ; ; ;50; 
7.191000;103;-779; ; ; 
7.201000; ;-779; ; ; 
7.209000; ;-779; ; ; 
7.219000; ;-778; ; ; 
7.230000; ;-778; ; ; 
7.249000; ; ;76; ; 
7.250000; ;-778; ; ; 
7.251000; ;-778; ; ; 
7.270000; ; ; ;50; 
7.272000; ;-778; ; ; 
7.290000; ;-778; ; ; 
7.295000; ;-778; ; ; 
7.296000;103; ; ; ; 
7.324000; ;-778; ; ; 
7.325000; ;-777; ; ; 
7.337000; ; ; ;50; 
7.338000; ;-777; ; ; 
7.339000; ; ;77; ; 
7.348000; ;-777; ; ; 
7.356000; ;-777; ; ; 
7.366000; ;-777; ; ; 
7.374000; ;-777; ; ; 
7.378000; ; ; ;50; 
7.384000; ;-777; ; ; 
7.390000;103;-777; ; ; 
7.400000; ;-777; ; ; 
7.410000; ;-777; ; ; 
7.420000; ;-776; ; ; 
7.430000; ;-776; ; ; 
7.436000; ; ;77; ; 
7.440000; ;-776; ;50; 
7.449000; ;-776; ; ; 
7.459000; ;-776; ; ; 
7.469000; ;-776; ; ; 
7.479000; ;-776; ; ; 
7.490000;103;-776; ; ; 
7.501000; ;-776; ; ; 
7.506000; ; ; ;50; 
7.510000; ;-776; ; ; 
7.520000; ;-775; ; ; 
7.530000; ;-775; ; ; 
7.540000; ;-775; ; ; 
7.546000; ; ;77; ; 
7.552000; ;-775; ; ; 
7.560000; ;-775; ; ; 
7.564000; ; ; ;50; 
7.571000; ;-775; ; ; 
7.580000; ;-775; ; ; 
7.590000;103;-775; ; ; 
7.600000; ;-775; ; ; 
7.610000; ;-775; ; ; 
7.620000; ;-774; ; ; 
7.626000; ; ; ;50; 
7.631000; ;-774; ; ; 
7.639000; ;-774; ; ; 
7.649000; ;-774; ; ; 
7.655000; ; ;77; ; 
7.659000; ;-774; ; ; 
7.669000; ;-774; ; ; 
7.679000; ;-774; ; ; 
7.687000; ; ; ;50; 
7.691000; ;-774; ; ; 
7.692000;103; ; ; ; 
7.700000; ;-774; ; ; 
7.710000; ;-774; ; ; 
7.720000; ;-773; ; ; 
7.730000; ;-773; ; ; 
7.740000; ;-773; ; ; 
7.750000; ;-773; ; ; 
7.757000; ; ; ;50; 
7.762000; ;-773; ; ; 
7.767000; ; ;77; ; 
7.771000; ;-773; ; ; 
7.780000; ;-773; ; ; 
7.790000;103;-773; ; ; 
7.800000; ;-773; ; ; 
7.810000; ;-773; ; ; 
7.816000; ; ; ;50; 
7.820000; ;-772; ; ; 
7.829000; ;-772; ; ; 
7.839000; ;-772; ; ; 
7.850000; ;-772; ; ; 
7.859000; ;-772; ; ; 
7.870000; ;-772; ; ; 
7.877000; ; ;78; ; 
7.881000; ;-772; ;50; 
7.890000;103;-772; ; ; 
7.900000; ;-772; ; ; 
7.910000; ;-772; ; ; 
7.920000; ;-771; ; ; 
7.930000; ;-771; ; ; 
7.937000; ; ; ;50; 
7.941000; ;-771; ; ; 
7.949000; ;-771; ; ; 
7.960000; ;-771; ; ; 
7.969000; ;-771; ; ; 
7.979000; ;-771; ; ; 
7.985000; ; ;78; ; 
7.989000; ;-771; ; ; 
7.990000;103; ; ; ; 
7.998000; ; ; ;50; 
8.003000; ;-771; ; ; 
8.010000; ;-771; ; ; 
8.020000; ;-770; ; ; 
8.030000; ;-770; ; ; 
8.040000; ;-770; ; ; 
8.050000; ;-770; ; ; 
8.060000; ;-770; ; ; 
8.064000; ; ; ;50; 
8.070000; ;-770; ; ; 
8.080000; ;-770; ; ; 
8.090000;103;-770; ; ; 
8.100000; ;-770;78; ; 
8.110000; ;-770; ; ; 
8.120000; ;-769; ; ; 
8.125000; ; ; ;50; 
8.129000; ;-769; ; ; 
8.139000; ;-769; ; ; 
8.149000; ;-769; ; ; 
8.159000; ;-769; ; ; 
8.169000; ;-769; ; ; 
8.179000; ;-769; ; ; 
8.185000; ; ; ;50; 
8.190000; ;-769; ; ; 
8.191000;103; ; ; ; 
8.199000; ; ;78; ; 
8.203000; ;-769; ; ; 
8.210000; ;-769; ; ; 
8.220000; ;-768; ; ; 
8.230000; ;-768; ; ; 
8.240000; ;-768; ; ; 
8.247000; ; ; ;50; 
8.251000; ;-768; ; ; 
8.260000; ;-768; ; ; 
8.269000; ;-768; ; ; 
8.279000; ;-768; ; ; 
8.289000;103;-768; ; ; 
8.301000; ;-768; ; ; 
8.309000; ;-768; ; ; 
8.315000; ; ;79; ; 
8.320000; ;-767; ;50; 
8.330000; ;-767; ; ; 
8.340000; ;-767; ; ; 
8.350000; ;-767; ; ; 
8.360000; ;-767; ; ; 
8.370000; ;-767; ; ; 
8.376000; ; ; ;50; 
8.381000; ;-767; ; ; 
8.390000;103;-767; ; ; 
8.401000; ;-767; ; ; 
8.410000; ;-767; ; ; 
8.420000; ;-766; ; ; 
8.425000; ; ;79; ; 
8.430000; ;-766; ; ; 
8.435000; ; ; ;50; 
8.439000; ;-766; ; ; 
8.449000; ;-766; ; ; 
8.459000; ;-766; ; ; 
8.469000; ;-766; ; ; 
8.479000; ;-766; ; ; 
8.490000;103;-766; ; ; 
8.503000; ;-766; ; ; 
8.507000; ; ; ;50; 
8.512000; ;-766; ; ; 
8.520000; ;-765; ; ; 
8.530000; ;-765; ; ; 
8.535000; ; ;79; ; 
8.540000; ;-765; ; ; 
8.550000; ;-765; ; ; 
8.557000; ; ; ;50; 
8.563000; ;-765; ; ; 
8.570000; ;-765; ; ; 
8.580000; ;-765; ; ; 
8.589000;103;-765; ; ; 
8.600000; ;-765; ; ; 
8.609000; ;-765; ; ; 
8.620000; ;-764; ; ; 
8.626000; ; ; ;50; 
8.631000; ;-764; ; ; 
8.640000; ;-764; ; ; 
8.647000; ; ;79; ; 
8.652000; ;-764; ; ; 
8.660000; ;-764; ; ; 
8.670000; ;-764; ; ; 
8.680000; ;-764; ; ; 
8.685000; ; ; ;50; 
8.690000;103;-764; ; ; 
8.700000; ;-764; ; ; 
8.710000; ;-764; ; ; 
8.720000; ;-763; ; ; 
8.730000; ;-763; ; ; 
8.740000; ;-763; ; ; 
8.750000; ;-763; ; ; 
8.757000; ; ;79; ; 
8.762000; ;-763; ;50; 
8.769000; ;-763; ; ; 
8.779000; ;-763; ; ; 
8.789000;103;-763; ; ; 
8.800000; ;-763; ; ; 
8.810000; ;-763; ; ; 
8.818000; ; ; ;50; 
8.824000; ;-762; ; ; 
8.830000; ;-762; ; ; 
8.840000; ;-762; ; ; 
8.850000; ;-762; ; ; 
8.858000; ; ;80; ; 
8.863000; ;-762; ; ; 
8.870000; ;-762; ; ; 
8.876000; ; ; ;50; 
8.880000; ;-762; ; ; 
8.890000;103;-762; ; ; 
8.900000; ;-762; ; ; 
8.910000; ;-762; ; ; 
8.919000; ;-761; ; ; 
8.929000; ;-761; ; ; 
8.936000; ; ; ;50; 
8.940000; ;-761; ; ; 
8.949000; ;-761; ; ; 
8.959000; ;-761; ; ; 
8.965000; ; ;80; ; 
8.969000; ;-761; ; ; 
8.979000; ;-761; ; ; 
8.989000;103;-761; ; ; 
9.000000; ;-761; ;50; 
9.010000; ;-761; ; ; 
9.020000; ;-760; ; ; 
9.030000; ;-760; ; ; 
9.040000; ;-760; ; ; 
9.050000; ;-760; ; ; 
9.063000; ;-760; ; ; 
9.078000; ; ; ;50; 
9.079000; ;-760; ; ; 
9.090000;103;-760;80; ; 
9.103000; ;-760; ; ; 
9.110000; ;-760; ; ; 
9.120000; ;-759; ; ; 
9.139000; ;-759; ; ; 
9.140000; ;-759; ; ; 
9.150000; ;-759; ;50; 
9.160000; ;-759; ; ; 
9.170000; ;-759; ; ; 
9.180000; ;-759; ; ; 
9.188000; ; ;80; ; 
9.196000;103;-759; ;50; 
9.213000; ;-759; ; ; 
9.214000; ;-759; ; ; 
9.224000; ;-758; ; ; 
9.232000; ;-758; ; ; 
9.239000; ;-758; ; ; 
9.248000; ; ; ;50; 
9.256000; ;-758; ; ; 
9.265000; ;-758; ; ; 
9.272000; ;-758; ; ; 
9.281000; ;-758; ; ; 
9.290000; ;-758; ; ; 
9.291000;103; ; ; ; 
9.305000; ;-758; ; ; 
9.314000; ; ;80; ; 
9.316000; ;-758; ; ; 
9.324000; ;-757; ;50; 
9.334000; ;-757; ; ; 
9.342000; ;-757; ; ; 
9.350000; ;-757; ; ; 
9.360000; ;-757; ; ; 
9.370000; ;-757; ; ; 
9.371000; ; ; ;50; 
9.381000; ;-757; ; ; 
9.390000;103;-757; ; ; 
9.408000; ;-757; ; ; 
9.415000; ;-757;81; ; 
9.420000; ;-756; ; ; 
9.430000; ;-756; ; ; 
9.436000; ; ; ;50; 
9.441000; ;-756; ; ; 
9.449000; ;-756; ; ; 
9.459000; ;-756; ; ; 
9.469000; ;-756; ; ; 
9.480000; ;-756; ; ; 
9.501000; ;-756; ; ; 
9.502000;103; ; ; ; 
9.504000; ;-756; ; ; 
9.540000; ;-756; ;50; 
9.541000; ;-755; ; ; 
9.543000; ;-755; ; ; 
9.556000; ; ;81; ; 
9.557000; ;-755; ; ; 
9.569000; ;-755; ; ; 
9.580000; ;-755; ;50; 
9.582000; ;-755; ; ; 
9.592000;103;-755; ; ; 
9.614000; ;-755; ; ; 
9.625000; ;-754; ; ; 
9.630000; ;-754;81;50; 
9.640000; ;-754; ; ; 
9.650000; ;-754; ; ; 
9.660000; ;-754; ; ; 
9.673000; ;-754; ; ; 
9.686000; ;-754; ; ; 
9.699000; ;-754; ;50; 
9.701000;103;-754; ; ; 
9.733000; ;-753; ; ; 
9.736000; ;-753; ; ; 
9.756000; ; ;81; ; 
9.758000; ;-753; ; ; 
9.759000; ;-753; ; ; 
9.783000; ; ; ;50; 
9.784000; ;-753; ; ; 
9.809000; ;-753; ; ; 
9.812000;103; ; ; ; 
9.814000; ;-753; ; ; 
9.850000; ; ; ;50; 
9.851000; ;-752; ; ; 
9.854000; ;-752; ; ; 
9.855000; ;-752; ; ; 
9.875000; ; ;82; ; 
9.877000; ;-752; ; ; 
9.898000; ;-752; ;50; 
9.900000; ;-752; ; ; 
9.902000;103; ; ; ; 
9.903000; ;-752; ; ; 
9.935000; ;-752; ; ; 
9.938000; ;-751; ; ; 
9.940000; ;-751; ; ; 
9.941000; ;-751; ; ; 
9.960000; ;-751; ;50; 
9.962000; ;-751; ; ; 
9.976000; ;-751;82; ; 
9.993000; ;-751; ; ; 
9.995000; ;-751; ; ; 
9.996000;103; ; ; ; 
10.029000; ; ; ;50; 
10.031000; ;-751; ; ; 
10.033000; ;-750; ; ; 
10.035000; ;-750; ; ; 
10.056000; ;-750; ; ; 
10.057000; ;-750; ; ; 
10.077000; ;-750; ; ; 
10.079000; ;-750; ; ; 
10.097000; ; ;82; ; 
10.099000;103;-750; ; ; 
10.101000; ; ; ;50; 
10.103000; ;-750; ; ; 
10.119000; ;-749; ; ; 
10.131000; ;-749; ;50; 
10.141000; ;-749; ; ; 
10.150000; ;-749; ; ; 
10.160000; ;-749; ; ; 
10.170000; ;-749; ; ; 
10.178000; ; ;82; ; 
10.186000; ;-749; ; ; 
10.195000;103;-749; ;50; 
10.213000; ;-749; ; ; 
10.224000; ;-748; ; ; 
10.230000; ;-748; ; ; 
10.240000; ;-748; ; ; 
10.245000; ; ; ;50; 
10.250000; ;-748; ; ; 
10.260000; ;-748; ; ; 
10.270000; ;-748; ; ; 
10.280000; ;-748; ; ; 
10.287000; ; ;82; ; 
10.292000;103;-748; ; ; 
10.301000; ;-748; ; ; 
10.309000; ;-748; ; ; 
10.317000; ; ; ;50; 
10.322000; ;-747; ; ; 
10.329000; ;-747; ; ; 
10.340000; ;-747; ; ; 
10.350000; ;-747; ; ; 
10.360000; ;-747; ; ; 
10.370000; ;-747; ; ; 
10.377000; ; ; ;50; 
10.384000; ;-747; ; ; 
10.390000;103;-747; ; ; 
10.399000; ; ;83; ; 
10.400000; ;-747; ; ; 
10.410000; ;-747; ; ; 
10.420000; ;-746; ; ; 
10.430000; ;-746; ; ; 
10.438000; ; ; ;50; 
10.446000; ;-746; ; ; 
10.451000; ;-746; ; ; 
10.459000; ;-746; ; ; 
10.469000; ;-746; ; ; 
10.480000; ;-746; ; ; 
10.490000;103;-746; ; ; 
10.502000; ;-746; ; ; 
10.507000; ; ;83; ; 
10.512000; ;-746; ;50; 
10.520000; ;-745; ; ; 
10.530000; ;-745; ; ; 
10.540000; ;-745; ; ; 
10.550000; ;-745; ; ; 
10.565000; ;-745; ; ; 
10.580000; ;-745; ;50; 
10.582000; ;-745; ; ; 
10.596000;103;-745; ; ; 
10.621000; ;-745; ; ; 
10.623000; ;-744; ; ; 
10.638000; ;-744;83; ; 
10.640000; ;-744; ;50; 
10.656000; ;-744; ; ; 
10.667000; ;-744; ; ; 
10.680000; ;-744; ; ; 
10.695000; ;-744; ;50; 
10.697000;103; ; ; ; 
10.711000; ;-744; ; ; 
10.720000; ;-743; ; ; 
10.727000; ; ;83; ; 
10.732000; ;-743; ; ; 
10.740000; ;-743; ; ; 
10.747000; ; ; ;50; 
10.753000; ;-743; ; ; 
10.759000; ;-743; ; ; 
10.769000; ;-743; ; ; 
10.779000; ;-743; ; ; 
10.789000;103;-743; ; ; 
10.801000; ;-743; ; ; 
10.809000; ;-743; ; ; 
10.815000; ; ; ;50; 
10.823000; ;-742; ; ; 
10.829000; ; ;84; ; 
10.836000; ;-742; ; ; 
10.843000; ;-742; ; ; 
10.850000; ;-742; ; ; 
10.860000; ;-742; ; ; 
10.870000; ;-742; ; ; 
10.878000; ; ; ;50; 
10.884000; ;-742; ; ; 
10.891000;103;-742; ; ; 
10.902000; ;-742; ; ; 
10.910000; ;-742; ; ; 
10.920000; ;-741; ; ; 
10.930000; ;-741; ; ; 
10.935000; ; ;84; ; 
10.938000; ; ; ;50; 
10.941000; ;-741; ; ; 
10.950000; ;-741; ; ; 
10.960000; ;-741; ; ; 
10.970000; ;-741; ; ; 
10.980000; ;-741; ; ; 
10.990000;103;-741; ; ; 
11.001000; ;-741; ; ; 
11.008000; ; ; ;50; 
11.014000; ;-741; ; ; 
11.020000; ;-740; ; ; 
11.030000; ;-740; ; ; 
11.040000; ;-740; ; ; 
11.048000; ; ;84; ; 
11.055000; ;-740; ; ; 
11.061000; ;-740; ; ; 
11.067000; ; ; ;50; 
11.073000; ;-740; ; ; 
11.080000; ;-740; ; ; 
11.090000;103;-740; ; ; 
11.103000; ;-740; ; ; 
11.110000; ;-740; ; ; 
11.120000; ;-739; ; ; 
11.128000; ; ; ;50; 
11.134000; ;-739; ; ; 
11.140000; ;-739; ; ; 
11.150000; ;-739; ; ; 
11.159000; ;-739;84; ; 
11.170000; ;-739; ; ; 
11.180000; ;-739; ; ; 
11.189000;103;-739; ;50; 
11.203000; ;-739; ; ; 
11.210000; ;-739; ; ; 
11.220000; ;-738; ; ; 
11.230000; ;-738; ; ; 
11.239000; ;-738; ; ; 
11.248000; ; ; ;50; 
11.255000; ;-738; ; ; 
11.263000; ;-738; ; ; 
11.268000; ; ;84; ; 
11.275000; ;-738; ; ; 
11.282000; ;-738; ; ; 
11.290000; ;-738; ; ; 
11.291000;103; ; ; ; 
11.301000; ;-738; ; ; 
11.310000; ;-738; ; ; 
11.316000; ; ; ;50; 
11.320000; ;-737; ; ; 
11.330000; ;-737; ; ; 
11.340000; ;-737; ; ; 
11.350000; ;-737; ; ; 
11.360000; ;-737; ; ; 
11.370000; ;-737; ; ; 
11.376000; ; ;85; ; 
11.380000; ;-737; ;50; 
11.390000;103;-737; ; ; 
11.400000; ;-737; ; ; 
11.409000; ;-737; ; ; 
11.420000; ;-736; ; ; 
11.429000; ;-736; ; ; 
11.435000; ; ; ;50; 
11.439000; ;-736; ; ; 
11.450000; ;-736; ; ; 
11.460000; ;-736; ; ; 
11.470000; ;-736; ; ; 
11.480000; ;-736; ; ; 
11.484000; ; ;85; ; 
11.490000;103;-736; ; ; 
11.498000; ; ; ;50; 
11.502000; ;-736; ; ; 
11.510000; ;-736; ; ; 
11.520000; ;-735; ; ; 
11.530000; ;-735; ; ; 
11.540000; ;-735; ; ; 
11.550000; ;-735; ; ; 
11.558000; ; ; ;50; 
11.565000; ;-735; ; ; 
11.573000; ;-735; ; ; 
11.581000; ;-735; ; ; 
11.590000;103;-735; ; ; 
11.607000; ; ;85; ; 
11.608000; ;-735; ; ; 
11.616000; ;-735; ; ; 
11.624000; ;-734; ; ; 
11.632000; ;-734; ;50; 
11.643000; ;-734; ; ; 
11.650000; ;-734; ; ; 
11.660000; ;-734; ; ; 
11.670000; ;-734; ; ; 
11.680000; ;-734; ; ; 
11.690000; ;-734; ;50; 
11.691000;103; ; ; ; 
11.711000; ;-734; ; ; 
11.721000; ;-733;85; ; 
11.730000; ;-733; ; ; 
11.740000; ;-733; ; ; 
11.750000; ;-733; ;50; 
11.760000; ;-733; ; ; 
11.770000; ;-733; ; ; 
11.781000; ;-733; ; ; 
11.791000;103;-733; ; ; 
11.808000; ;-733; ; ; 
11.820000; ;-733;85; ; 
11.822000; ;-732; ; ; 
11.823000; ; ; ;50; 
11.832000; ;-732; ; ; 
11.840000; ;-732; ; ; 
11.850000; ;-732; ; ; 
11.860000; ;-732; ; ; 
11.872000; ;-732; ; ; 
11.881000; ;-732; ;50; 
11.890000;103;-732; ; ; 
11.905000; ;-732; ; ; 
11.915000; ;-732; ; ; 
11.924000; ; ;86; ; 
11.925000; ;-731; ; ; 
11.939000; ;-731; ; ; 
11.941000; ;-731; ; ; 
11.961000; ; ; ;50; 
11.963000; ;-731; ; ; 
11.965000; ;-731; ; ; 
11.986000; ;-731; ; ; 
12.008000; ;-731; ; ; 
12.010000;103;-731; ; ; 
12.012000; ;-731; ; ; 
12.054000; ;-730; ;50; 
12.057000; ;-730; ; ; 
12.060000; ;-730; ; ; 
12.083000; ;-730;86; ; 
12.085000; ;-730; ; ; 
12.109000; ; ; ;50; 
12.111000;103;-730; ; ; 
12.114000; ;-730; ; ; 
12.147000; ;-729; ; ; 
12.152000; ;-729; ; ; 
12.153000; ;-729; ; ; 
12.174000; ; ; ;50; 
12.176000; ;-729; ; ; 
12.178000; ; ;86; ; 
12.180000; ;-729; ; ; 
12.201000;103;-729; ; ; 
12.203000; ;-729; ; ; 
12.228000; ;-729; ;50; 
12.230000; ;-728; ; ; 
12.246000; ;-728; ; ; 
12.263000; ;-728;86; ; 
12.265000; ;-728; ;50; 
12.275000; ;-728; ; ; 
12.290000; ;-728; ; ; 
12.291000;103;-728; ; ; 
12.309000; ;-728; ; ; 
12.321000; ;-728; ;50; 
12.323000; ;-727; ; ; 
12.338000; ;-727; ; ; 
12.352000; ;-727; ; ; 
12.366000; ; ;87; ; 
12.367000; ;-727; ; ; 
12.376000; ;-727; ; ; 
12.386000; ; ; ;50; 
12.387000; ;-727; ; ; 
12.397000;103;-727; ; ; 
12.418000; ;-727; ; ; 
12.424000; ;-726; ; ; 
12.430000; ;-726; ; ; 
12.436000; ; ; ;50; 
12.441000; ;-726; ; ; 
12.450000; ;-726; ; ; 
12.460000; ;-726; ; ; 
12.470000; ;-726; ; ; 
12.474000; ; ;87; ; 
12.480000; ;-726; ; ; 
12.490000;103;-726; ; ; 
12.500000; ;-726; ; ; 
12.504000; ; ; ;50; 
12.509000; ;-726; ; ; 
12.521000; ;-725; ; ; 
12.530000; ;-725; ; ; 
12.540000; ;-725; ; ; 
12.550000; ;-725; ; ; 
12.560000; ;-725; ; ; 
12.564000; ; ; ;50; 
12.570000; ;-725; ; ; 
12.574000; ; ;87; ; 
12.580000; ;-725; ; ; 
12.590000;103;-725; ; ; 
12.600000; ;-725; ; ; 
12.610000; ;-725; ; ; 
12.620000; ;-724; ; ; 
12.624000; ; ; ;50; 
12.630000; ;-724; ; ; 
12.640000; ;-724; ; ; 
12.649000; ;-724; ; ; 
12.660000; ;-724; ; ; 
12.669000; ;-724; ; ; 
12.681000; ;-724; ; ; 
12.687000; ; ;87; ; 
12.692000;103;-724; ;50; 
12.700000; ;-724; ; ; 
12.710000; ;-724; ; ; 
12.720000; ;-723; ; ; 
12.730000; ;-723; ; ; 
12.740000; ;-723; ; ; 
12.746000; ; ; ;50; 
12.751000; ;-723; ; ; 
12.760000; ;-723; ; ; 
12.770000; ;-723; ; ; 
12.780000; ;-723; ; ; 
12.790000; ;-723; ; ; 
12.791000;103; ; ; ; 
12.799000; ; ;87; ; 
12.802000; ;-723; ; ; 
12.810000; ;-723; ; ; 
12.818000; ; ; ;50; 
12.821000; ;-722; ; ; 
12.830000; ;-722; ; ; 
12.840000; ;-722; ; ; 
12.850000; ;-722; ; ; 
12.860000; ;-722; ; ; 
12.870000; ;-722; ; ; 
12.875000; ; ; ;50; 
12.880000; ;-722; ; ; 
12.890000;103;-722; ; ; 
12.899000; ;-722; ; ; 
12.904000; ; ;88; ; 
12.909000; ;-722; ; ; 
12.920000; ;-721; ; ; 
12.930000; ;-721; ; ; 
12.935000; ; ; ;50; 
12.940000; ;-721; ; ; 
12.950000; ;-721; ; ; 
12.960000; ;-721; ; ; 
12.970000; ;-721; ; ; 
12.980000; ;-721; ; ; 
12.990000;103;-721; ; ; 
13.000000; ;-721; ; ; 
13.003000; ; ; ;50; 
13.010000; ;-721; ; ; 
13.015000; ; ;88; ; 
13.020000; ;-720; ; ; 
13.030000; ;-720; ; ; 
13.039000; ;-720; ; ; 
13.050000; ;-720; ; ; 
13.055000; ; ; ;50; 
13.062000; ;-720; ; ; 
13.070000; ;-720; ; ; 
13.080000; ;-720; ; ; 
13.090000;103;-720; ; ; 
13.100000; ;-720; ; ; 
13.110000; ;-720; ; ; 
13.124000; ;-719; ; ; 
13.134000; ;-719; ; ; 
13.145000; ; ;88; ; 
13.146000; ;-719; ;50; 
13.160000; ;-719; ; ; 
13.172000; ;-719; ; ; 
13.184000; ;-719; ; ; 
13.195000; ; ; ;50; 
13.197000; ;-719; ; ; 
13.198000;103; ; ; ; 
13.220000; ;-718; ; ; 
13.240000; ;-718; ; ; 
13.242000; ;-718; ; ; 
13.261000; ; ;88; ; 
13.262000; ;-718; ; ; 
13.264000; ;-718; ; ; 
13.283000; ; ; ;50; 
13.284000; ;-718; ; ; 
13.297000;103;-718; ; ; 
13.322000; ;-718; ; ; 
13.323000; ;-718; ; ; 
13.325000; ;-717; ; ; 
13.345000; ;-717; ;50; 
13.347000; ;-717; ; ; 
13.360000; ;-717;89; ; 
13.361000; ;-717; ; ; 
13.371000; ;-717; ; ; 
13.382000; ;-717; ;50; 
13.394000;103;-717; ; ; 
13.414000; ;-717; ; ; 
13.426000; ;-716; ; ; 
13.436000; ;-716; ; ; 
13.447000; ; ; ;50; 
13.448000; ;-716; ; ; 
13.460000; ;-716;89; ; 
13.475000; ;-716; ; ; 
13.486000; ;-716; ; ; 
13.499000; ;-716; ; ; 
13.501000;103; ; ; ; 
13.502000; ;-716; ; ; 
13.539000; ; ; ;50; 
13.541000; ;-716; ; ; 
13.543000; ;-715; ; ; 
13.544000; ;-715; ; ; 
13.546000; ;-715; ; ; 
13.564000; ;-715; ; ; 
13.589000; ; ;89; ; 
13.591000; ;-715; ; ; 
13.592000; ;-715; ; ; 
13.594000;103; ; ; ; 
13.596000; ; ; ;50; 
13.630000; ;-715; ; ; 
13.632000; ;-714; ; ; 
13.634000; ;-714; ; ; 
13.640000; ;-714; ; ; 
13.659000; ; ; ;50; 
13.661000; ;-714; ; ; 
13.662000; ;-714; ; ; 
13.681000; ;-714; ; ; 
13.683000; ;-714; ; ; 
13.702000; ; ;89; ; 
13.704000;103;-714; ; ; 
13.706000; ;-714; ; ; 
13.708000; ; ; ;50; 
13.743000; ;-713; ; ; 
13.745000; ;-713; ; ; 
13.760000; ;-713; ; ; 
13.775000; ;-713; ;50; 
13.792000; ;-713;89; ; 
13.794000;103;-713; ; ; 
13.818000; ;-713; ; ; 
13.819000; ;-713; ; ; 
13.831000; ; ; ;50; 
13.832000; ;-712; ; ; 
13.849000; ;-712; ; ; 
13.863000; ;-712; ; ; 
13.864000; ;-712; ; ; 
13.879000; ;-712; ; ; 
13.892000; ;-712; ; ; 
13.893000; ;-712; ;50; 
13.895000;103; ; ; ; 
13.917000; ;-712;90; ; 
13.919000; ;-711; ; ; 
13.931000; ;-711; ; ; 
13.941000; ;-711; ;50; 
13.955000; ;-711; ; ; 
13.966000; ;-711; ; ; 
13.976000; ;-711; ; ; 
13.986000; ;-711; ; ; 
13.995000; ;-711; ; ; 
13.996000;103; ; ; ; 
14.016000; ; ;90; ; 
14.018000; ;-711; ;50; 
14.031000; ;-710; ; ; 
14.044000; ;-710; ; ; 
14.056000; ;-710; ; ; 
14.068000; ; ; ;50; 
14.069000; ;-710; ; ; 
14.081000; ;-710; ; ; 
14.082000; ;-710; ; ; 
14.093000;103;-710; ; ; 
14.111000; ;-710; ; ; 
14.122000; ;-709;90; ; 
14.130000; ;-709; ;50; 
14.140000; ;-709; ; ; 
14.150000; ;-709; ; ; 
14.160000; ;-709; ; ; 
14.170000; ;-709; ; ; 
14.180000; ;-709; ; ; 
14.187000; ; ; ;50; 
14.192000;103;-709; ; ; 
14.203000; ;-709; ; ; 
14.210000; ;-709; ; ; 
14.217000; ; ;90; ; 
14.223000; ;-708; ; ; 
14.230000; ;-708; ; ; 
14.240000; ;-708; ; ; 
14.247000; ; ; ;50; 
14.253000; ;-708; ; ; 
14.260000; ;-708; ; ; 
14.270000; ;-708; ; ; 
14.280000; ;-708; ; ; 
14.290000; ;-708; ; ; 
14.291000;103; ; ; ; 
14.303000; ;-708; ; ; 
14.317000; ;-708; ; ; 
14.336000; ;-707; ;50; 
14.338000; ;-707; ; ; 
14.358000; ;-707;91; ; 
14.360000; ;-707; ; ; 
14.361000; ;-707; ; ; 
14.381000; ;-707; ; ; 
14.384000; ;-707; ; ; 
14.403000;103;-707; ;50; 
14.405000; ;-707; ; ; 
14.430000; ;-706; ; ; 
14.443000; ; ;91; ; 
14.446000; ;-706; ;50; 
14.462000; ;-706; ; ; 
14.476000; ;-706; ; ; 
14.488000; ;-706; ; ; 
14.498000; ;-706; ; ; 
14.499000;103;-706; ; ; 
14.520000; ; ; ;50; 
14.521000; ;-705; ; ; 
14.537000; ;-705; ; ; 
14.548000; ;-705; ; ; 
14.556000; ;-705;91; ; 
14.562000; ; ; ;50; 
14.563000; ;-705; ; ; 
14.570000; ;-705; ; ; 
14.580000; ;-705; ; ; 
14.590000;103;-705; ; ; 
14.602000; ;-705; ; ; 
14.610000; ;-705; ; ; 
14.620000; ;-704; ; ; 
14.627000; ; ; ;50; 
14.633000; ;-704; ; ; 
14.640000; ;-704; ; ; 
14.650000; ;-704; ; ; 
14.657000; ; ;91; ; 
14.663000; ;-704; ; ; 
14.670000; ;-704; ; ; 
14.680000; ;-704; ; ; 
14.687000; ; ; ;50; 
14.693000; ;-704; ; ; 
14.694000;103; ; ; ; 
14.704000; ;-704; ; ; 
14.710000; ;-704; ; ; 
14.721000; ;-703; ; ; 
14.730000; ;-703; ; ; 
14.740000; ;-703; ; ; 
14.747000; ; ; ;50; 
14.753000; ;-703; ; ; 
14.760000; ;-703; ; ; 
14.766000; ; ;91; ; 
14.772000; ;-703; ; ; 
14.780000; ;-703; ; ; 
14.790000; ;-703; ; ; 
14.791000;103; ; ; ; 
14.801000; ;-703; ; ; 
14.806000; ; ; ;50; 
14.812000; ;-703; ; ; 
14.820000; ;-702; ; ; 
14.830000; ;-702; ; ; 
14.840000; ;-702; ; ; 
14.850000; ;-702; ; ; 
14.860000; ;-702; ; ; 
14.870000; ;-702; ; ; 
14.876000; ; ;92; ; 
14.881000; ;-702; ;50; 
14.890000;103;-702; ; ; 
14.904000; ;-702; ; ; 
14.919000; ;-702; ; ; 
14.934000; ;-701; ; ; 
14.936000; ;-701; ; ; 
14.952000; ;-701; ;50; 
14.954000; ;-701; ; ; 
14.968000; ;-701; ; ; 
14.981000; ;-701; ; ; 
14.998000; ; ;92; ; 
14.999000;103;-701; ; ; 
15.001000; ;-701; ; ; 
15.025000; ;-701; ;50; 
15.027000; ;-700; ; ; 
15.035000; ;-700; ; ; 
15.043000; ;-700; ; ; 
15.050000; ;-700; ; ; 
15.058000; ; ; ;50; 
15.068000; ;-700; ; ; 
15.075000; ;-700; ; ; 
15.082000; ;-700; ; ; 
15.101000;103;-700; ; ; 
15.103000; ;-700; ; ; 
15.139000; ; ;92; ; 
15.141000; ;-699; ; ; 
15.143000; ;-699; ; ; 
15.145000; ;-699; ; ; 
15.165000; ; ; ;50; 
15.167000; ;-699; ; ; 
15.170000; ;-699; ; ; 
15.191000; ;-699; ; ; 
15.193000; ;-699; ; ; 
15.194000;103; ; ; ; 
15.227000; ; ; ;50; 
15.229000; ;-699; ; ; 
15.230000; ;-699; ; ; 
15.232000; ;-698; ; ; 
15.233000; ;-698; ; ; 
15.252000; ;-698;92; ; 
15.255000; ;-698; ; ; 
15.269000; ;-698; ;50; 
15.271000; ;-698; ; ; 
15.281000; ;-698; ; ; 
15.290000; ;-698; ; ; 
15.291000;103; ; ; ; 
15.326000; ;-697; ; ; 
15.339000; ;-697;93;50; 
15.341000; ;-697; ; ; 
15.350000; ;-697; ; ; 
15.360000; ;-697; ; ; 
15.370000; ;-697; ;50; 
15.381000; ;-697; ; ; 
15.390000;103;-697; ; ; 
15.409000; ;-697; ; ; 
15.419000; ;-697; ; ; 
15.427000; ; ;93; ; 
15.428000; ;-696; ; ; 
15.437000; ;-696; ; ; 
15.446000; ;-696; ;50; 
15.453000; ;-696; ; ; 
15.460000; ;-696; ; ; 
15.470000; ;-696; ; ; 
15.480000; ;-696; ; ; 
15.494000;103;-696; ; ; 
15.520000; ; ; ;50; 
15.521000; ;-696; ; ; 
15.523000; ;-695; ; ; 
15.538000; ;-695; ; ; 
15.548000; ;-695;93; ; 
15.557000; ;-695; ; ; 
15.567000; ;-695; ;50; 
15.579000; ;-695; ; ; 
15.591000; ;-695; ; ; 
15.592000;103; ; ; ; 
15.611000; ;-695; ; ; 
15.624000; ;-694; ; ; 
15.637000; ;-694; ;50; 
15.649000; ; ;93; ; 
15.650000; ;-694; ; ; 
15.663000; ;-694; ; ; 
15.673000; ;-694; ; ; 
15.683000; ;-694; ; ; 
15.693000; ; ; ;50; 
15.694000;103;-694; ; ; 
15.721000; ;-694; ; ; 
15.723000; ;-693; ; ; 
15.733000; ;-693; ; ; 
15.741000; ;-693; ; ; 
15.751000; ;-693; ; ; 
15.762000; ;-693;93; ; 
15.764000; ; ; ;50; 
15.775000; ;-693; ; ; 
15.785000; ;-693; ; ; 
15.794000;103;-693; ; ; 
15.812000; ;-693; ; ; 
15.813000; ;-693; ; ; 
15.825000; ; ; ;50; 
15.826000; ;-692; ; ; 
15.836000; ;-692; ; ; 
15.845000; ;-692; ; ; 
15.855000; ;-692; ; ; 
15.867000; ; ;94; ; 
15.869000; ;-692; ; ; 
15.879000; ;-692; ; ; 
15.891000; ;-692; ;50; 
15.893000;103;-692; ; ; 
15.918000; ;-692; ; ; 
15.929000; ;-691; ; ; 
15.931000; ;-691; ; ; 
15.941000; ;-691; ;50; 
15.953000; ;-691; ; ; 
15.963000; ;-691; ; ; 
15.973000; ;-691; ; ; 
15.982000; ; ;94; ; 
15.983000; ;-691; ; ; 
15.994000;103;-691; ; ; 
16.021000; ;-691; ;50; 
16.023000; ;-690; ; ; 
16.034000; ;-690; ; ; 
16.044000; ;-690; ; ; 
16.050000; ;-690; ; ; 
16.060000; ;-690; ; ; 
16.067000; ; ; ;50; 
16.073000; ;-690; ; ; 
16.078000; ; ;94; ; 
16.083000; ;-690; ; ; 
16.090000;103;-690; ; ; 
16.102000; ;-690; ; ; 
16.110000; ;-690; ; ; 
16.120000; ;-689; ; ; 
16.124000; ; ; ;50; 
16.130000; ;-689; ; ; 
16.140000; ;-689; ; ; 
16.151000; ;-689; ; ; 
16.160000; ;-689; ; ; 
16.170000; ;-689; ; ; 
16.180000; ;-689; ; ; 
16.186000; ; ;94; ; 
16.189000; ; ; ;50; 
16.191000; ;-689; ; ; 
16.192000;103; ; ; ; 
16.203000; ;-689; ; ; 
16.210000; ;-689; ; ; 
16.220000; ;-688; ; ; 
16.230000; ;-688; ; ; 
16.240000; ;-688; ; ; 
16.249000; ; ; ;50; 
16.256000; ;-688; ; ; 
16.262000; ;-688; ; ; 
16.270000; ;-688; ; ; 
16.280000; ;-688; ; ; 
16.290000; ;-688; ; ; 
16.291000;103; ; ; ; 
16.302000; ; ;94; ; 
16.303000; ;-688; ; ; 
16.310000; ;-688; ; ; 
16.317000; ; ; ;50; 
16.324000; ;-687; ; ; 
16.330000; ;-687; ; ; 
16.341000; ;-687; ; ; 
16.351000; ;-687; ; ; 
16.361000; ;-687; ; ; 
16.370000; ;-687; ;50; 
16.380000; ;-687; ; ; 
16.390000;103;-687; ; ; 
16.406000; ;-687; ; ; 
16.417000; ; ;95; ; 
16.419000; ;-687; ; ; 
16.427000; ;-686; ; ; 
16.434000; ;-686; ; ; 
16.440000; ;-686; ;50; 
16.450000; ;-686; ; ; 
16.460000; ;-686; ; ; 
16.470000; ;-686; ; ; 
16.480000; ;-686; ; ; 
16.490000; ;-686; ; ; 
16.491000;103; ; ; ; 
16.505000; ;-686; ; ; 
16.513000; ;-686; ;50; 
16.522000; ;-685;95; ; 
16.530000; ;-685; ; ; 
16.540000; ;-685; ; ; 
16.550000; ;-685; ; ; 
16.560000; ; ; ;50; 
16.561000; ;-685; ; ; 
16.571000; ;-685; ; ; 
16.581000; ;-685; ; ; 
16.590000; ;-685; ; ; 
16.591000;103; ; ; ; 
16.605000; ;-685; ; ; 
16.612000; ;-685; ; ; 
16.620000; ;-684; ; ; 
16.630000; ; ;95; ; 
16.631000; ;-684; ;50; 
16.640000; ;-684; ; ; 
16.650000; ;-684; ; ; 
16.660000; ;-684; ; ; 
16.670000; ;-684; ; ; 
16.680000; ;-684; ; ; 
16.687000; ; ; ;50; 
16.695000;103;-684; ; ; 
16.707000; ;-684; ; ; 
16.713000; ;-684; ; ; 
16.720000; ;-683; ; ; 
16.730000; ;-683; ; ; 
16.738000; ; ;95; ; 
16.744000; ;-683; ; ; 
16.751000; ;-683; ;50; 
16.760000; ;-683; ; ; 
16.770000; ;-683; ; ; 
16.780000; ;-683; ; ; 
16.790000;103;-683; ; ; 
16.808000; ;-683; ; ; 
16.816000; ;-683; ;50; 
16.824000; ;-682; ; ; 
16.845000; ;-682; ; ; 
16.846000; ;-682; ; ; 
16.870000; ;-682;96; ; 
16.873000; ;-682; ; ; 
16.875000; ;-682; ; ; 
16.892000; ; ; ;50; 
16.893000; ;-682; ; ; 
16.895000;103; ; ; ; 
16.914000; ;-682; ; ; 
16.920000; ;-681; ; ; 
16.930000; ;-681; ; ; 
16.936000; ; ; ;50; 
16.941000; ;-681; ; ; 
16.950000; ;-681; ; ; 
16.955000; ; ;96; ; 
16.960000; ;-681; ; ; 
16.970000; ;-681; ; ; 
16.980000; ;-681; ; ; 
16.990000;103;-681; ; ; 
16.997000; ; ; ;50; 
17.000000; ;-681; ; ; 
17.010000; ;-681; ; ; 
17.020000; ;-680; ; ; 
17.031000; ;-680; ; ; 
17.041000; ;-680; ; ; 
17.050000; ;-680; ; ; 
17.060000; ;-680; ; ; 
17.068000; ; ;96; ; 
17.075000; ; ; ;50; 
17.076000; ;-680; ; ; 
17.083000; ;-680; ; ; 
17.090000; ;-680; ; ; 
17.091000;103; ; ; ; 
17.122000; ;-680; ; ; 
17.123000; ;-679; ; ; 
17.147000; ; ; ;50; 
17.148000; ;-679; ; ; 
17.150000; ;-679; ; ; 
17.151000; ;-679; ; ; 
17.170000; ;-679; ; ; 
17.188000; ; ;96; ; 
17.189000; ;-679; ; ; 
